"Id";"Designator";"Footprint";"Quantity";"Designation";"Supplier and ref";
1;"J4";"PinHeader_1x1_Smallest";1;"BottomOut";;;
2;"J35";"PinHeader_1x1_Smallest";1;"BottomIn";;;
3;"U3";"bbProbeContactsBottomRow";1;"~";;;
4;"J32";"bbProbeContactsRails";1;"+ - bottom";;;
5;"J34";"PinHeader_1x1_Smallest";1;"TopOut";;;
6;"J3";"PinHeader_1x1_Smallest";1;"TopIn";;;
7;"U1";"bbProbeContactsTopRow";1;"~";;;
8;"J31";"bbProbeContactsRails";1;"+ - top";;;
9;"R6,R4,R8,R7,R5";"R_0402_1005Metric";5;"110";;;
10;"R18,R21,R19,R20";"R_0402_1005Metric";4;"150";;;
11;"R37,R36,R38";"R_0402_1005Metric";3;"270";;;
12;"R47,R48";"R_0402_1005Metric";2;"390";;;
13;"R40,R41,R39";"R_0402_1005Metric";3;"300";;;
14;"R64,R63,R31";"R_0402_1005Metric";3;"220";;;
15;"R42,R43,R44";"R_0402_1005Metric";3;"330";;;
16;"R29,R26,R27,R25,R28";"R_0402_1005Metric";5;"180";;;
17;"R12,R9,R11,R10";"R_0402_1005Metric";4;"120";;;
18;"R33,R34,R32,R35";"R_0402_1005Metric";4;"240";;;
19;"R22,R24,R23";"R_0402_1005Metric";3;"160";;;
20;"R55,R56";"R_0402_1005Metric";2;"560";;;
21;"R15,R13,R16,R14,R17";"R_0402_1005Metric";5;"130";;;
22;"R53,R54";"R_0402_1005Metric";2;"510";;;
23;"R3,R2,R1";"R_0402_1005Metric";3;"100";;;
24;"R62,R61,R30";"R_0402_1005Metric";3;"200";;;
25;"R49,R50";"R_0402_1005Metric";2;"430";;;
26;"R45,R46";"R_0402_1005Metric";2;"357";;;
27;"R57,R58";"R_0402_1005Metric";2;"619";;;
28;"R59,R60";"R_0402_1005Metric";2;"681";;;
29;"R51,R52";"R_0402_1005Metric";2;"470";;;
