﻿Designator,Footprint,Quantity,Value,LCSC Part #
"_35, _34, _33, _32, _31, _30, _29, _28, _27, _26, _25, _24, _23, _22, _21, _20, _19, _18, _17, _16, _15, _14, _13, _12, _11, _10, _9, _8, _7, _6, _5, _4, _3, _2",,34,,
,TestPoint_D0.75mm,1,-8V,
A2,Arduino_Nano,1,Arduino_Nano_v3.x,C19190488
A4,PQFP-32_5x5mm_P0.5mm,1,Arduino_Nano_v3.x,
A5,SSOP-28_3.9x9.9mm_P0.635mm,1,Arduino_Nano_v3.x,C19190488
J2,PinHeader_2x20_P2.54mm_Vertical,1,Raspberry_Pi_2_3,C2977589
J3,PinHeader_1x04_P2.54mm_Vertical,1,Conn_01x04,
"J4, J5, J6, J7",GPIO_header,4,Conn_01x04,
