﻿Designator,Footprint,Quantity,Value,LCSC Part #
C1,1206,1,100uF,
"D1, D5",D_SOD-323_HandSoldering,2,5.1V Zener,C18547704
"D2, D6",LED_4014,2,Pink,C7371931
"D3, D8",LED_4014,2,Cyan,C7371929
"D4, D7",LED_4014,2,Amber,C3646959
J2,ProbeNeedle,1,Probe Needle,
J7,STX_3452_TRRRS_Audio_Jack,1,ProbeJack,
JP3,SolderJumper_2_Bridged_Small,1,GND,
JP4,SolderJumper_2_Bridged_Small,1,ADC,
JP5,SolderJumper_2_Bridged_Small,1,GP2,
JP6,SolderJumper_2_Bridged_Small,1,BUT,
JP7,SolderJumper_2_Bridged_Small,1,PRO,
"P1, P3, P4",M1.6_SMT_Screw_Post,3,M1.6_SMT_Screw_Post 3mm Height, C2915625
P2,M1.6_SMT_Screw_Post,1,M1.6_SMT_Screw_Post 3mm Height,C2915625
R1,0603,1,0R,
SW1,TS1159_Tact_Switch,1,Tact_Switch_3.4mm Height,C557614
SW3,TS1159_Tact_Switch,1,Tact_Switch_4.2mm Height,C381054
SW4,XKB_SK3245S-L3-A_DPDT_Slide_Switch,1, HX MST-22D18G3-WT, C18357593
U1,SOP-8_3.9x4.9mm_P1.27mm,1,WS2811,C114581
