﻿Designator,Footprint,Quantity,Value,LCSC Part #
"_2, ",,2,,
A1,Arduino_Nano,1,Arduino_Nano_v3.x,
"D1, D10, D11, D12, D13, D14, D15, D16, D17, D18, D19, D2, D20, D21, D22, D23, D24, D25, D26, D27, D28, D29, D3, D30, D31, D32, D33, D34, D35, D36, D37, D38, D39, D4, D40, D41, D42, D43, D5, D6, D7, D8, D9",XL-1010RGBC-WS2812B,43,WS2812B,C5349953
J1,,1,NANO_RESET_1,
J14,PINHEADER-1x1_vertical,1,5V,
J2,Pogo_pin_YZP0120-16020-01,1,Pogo, C5157215 
JP8,SolderJumper_2_Bridged_Small,1,Reset 1,
TP2,,1,TestPoint,
TP20_2,PINHEADER-1x1_vertical,1,LED OUT,
TP20,PINHEADER-1x1_vertical,1,GND,
TP5,TestPoint_D0.75mm,1,LED Out from wishbone,
U1,Winbond_USON-8-1EP_3x2mm_P0.5mm_EP0.2x1.6mm,1,APS6404L-3SQRx-ZR,C3040877
U2,SOIC-8_Castillated,1,W25Q128JVS,C97521
