﻿Designator,Footprint,Quantity,Value,LCSC Part #
J3,PinHeader_1x1_Smallest,1,TopIn,
J31,bbProbeContactsRails,1,+ - top,
J32,bbProbeContactsRails,1,+ - bottom,
J34,PinHeader_1x1_Smallest,1,TopOut,
J35,PinHeader_1x1_Smallest,1,BottomIn,
J4,PinHeader_1x1_Smallest,1,BottomOut,
"R1, R2, R3",0402,3,100,
"R10, R11, R12, R9",0402,4,120,
"R13, R14, R15, R16, R17",0402,5,130,
"R18, R19, R20, R21",0402,4,150,
"R22, R23, R24",0402,3,160,
"R25, R26, R27, R28, R29",0402,5,180,
"R30, R61, R62",0402,3,200,
"R31, R63, R64",0402,3,220,
"R32, R33, R34, R35",0402,4,240,
"R36, R37, R38",0402,3,270,
"R39, R40, R41",0402,3,300,
"R4, R5, R6, R7, R8",0402,5,110,
"R42, R43, R44",0402,3,330,
"R45, R46",0402,2,357,
"R47, R48",0402,2,390,
"R49, R50",0402,2,430,
"R51, R52",0402,2,470,
"R53, R54",0402,2,510,
"R55, R56",0402,2,560,
"R57, R58",0402,2,619,
"R59, R60",0402,2,681,
U1,bbProbeContactsTopRow,1,~,
U3,bbProbeContactsBottomRow,1,~,
