﻿Designator,Footprint,Quantity,Value,LCSC Part #
C1,1206,1,100uF,
"D1, D5",D_SOD-323_HandSoldering,2,5.1V Zener,C18547704
"D2, D6",LED_4014,2,Pink,C7371931
"D3, D8",LED_4014,2,Cyan,C7371929
"D4, D7",LED_4014,2,White,C3646959
J1,STX_Jack_Diagram,1,Conn_01x05_Socket,
J2,ProbeNeedle,1,Probe Needle,
J7,STX_3452_new,1,ProbeJack,
JP3,SolderJumper_2_Bridged_Small,1,GND,
JP4,SolderJumper_2_Bridged_Small,1,ADC,
JP5,SolderJumper_2_Bridged_Small,1,GP2,
JP6,SolderJumper_2_Bridged_Small,1,BUT,
JP7,SolderJumper_2_Bridged_Small,1,PRO,
"P1, P3, P4",M1.6_SMT_Screw_Post,3,M1.6_SMT_Screw_Post 3mm Height, C2915625
P2,M1.6_SMT_Screw_Post,1,M1.6_SMT_Screw_Post 3mm Height,C2915625
R1,0603,1,0R,
"R2, R3",0603,2,47R, C2907043
SW1,TS1159_Tact_Switch,1,Disconnect,C557614
SW3,TS1159_Tact_Switch,1,Connect,C557614
SW4,XKB_SK3245S-L3-A_DPDT_Slide_Switch,1,SW_DPDT_x2,C405952
TP1,TestPoint_D0.75mm,1,Dout,
"TP10, TP4_2, TP4",TestPoint_D0.75mm,3,Gnd,
TP14,SolderJumper_2_Bridged_Small,1,PINK,
TP15,SolderJumper_2_Bridged_Small,1,WHITE,
TP16,SolderJumper_2_Bridged_Small,1,CYAN,
TP2,TestPoint_D0.75mm,1,Set,
"TP3_2, TP3, TP9",TestPoint_D0.75mm,3,Din,
"TP5_2, TP5",TestPoint_D0.75mm,2,Routable_Buffer_in,
TP6,TestPoint_D0.75mm,1,LED_out_probe,
"TP7_2, TP7",TestPoint_D0.75mm,2,Probe_Button,
"TP8_2, TP8",TestPoint_D0.75mm,2,Probe_Probe,
U1,SOP-8_3.9x4.9mm_P1.27mm,1,WS2811,C114581
