﻿Designator,Footprint,Quantity,Value,LCSC Part #
C1,0603,1,10uF,
"D1, D5",D_SOD-323_HandSoldering,2,5.1V Zener,C18547704
"D2, D6",LED_4014,2,Pink,
"D3, D8",LED_4014,2,Cyan,
"D4, D7",LED_4014,2,Amber,
J2,ProbeNeedle,1,Probe Needle,
J7,STX_3452_TRRRS_Audio_Jack,1,ProbeJack,
"P1, P2, P3, P4",M1.6_SMT_Screw_Post,4,M1.6_SMT_Screw_Post, C2915625
R4,0603,1,33R,
R5,0603,1,100R,
SW1,TS6634_Tact_Switch,1,Connect,
SW3,TS6634_Tact_Switch,1,Disconnect,
SW4,XKB_SK3245S-L3-A_DPDT_Slide_Switch,1,SW_DPDT_x2, C405952
U1,SOP-8_3.9x4.9mm_P1.27mm,1,WS2811,
