﻿Designator,Footprint,Quantity,Value,LCSC Part #
"_34, _20",a8f4ae1a-b378-40f2-97a2-f46b783a69a6,2,,
_33,0a65d4ab-db40-4530-99bf-03058d65069d,1,,
"_32, _31, _30, _8, _4, ",f4516ded-98db-4fee-8dc9-e6cd45de1f61,6,,
"_29, _10",a4c831be-34de-4b5c-bff5-a399ff4af102,2,,
_28,fd0b1712-fd0b-4412-9676-1219484f594d,1,,
_27,3611f520-3590-4de1-9d9f-6beff48733a3,1,,
_26,17cfd4a3-98d7-4a06-a7e4-ea28c23db621,1,,
_25,2f550c21-d60d-49c1-8578-8ed8f5605913,1,,
_24,e9de6dd2-b93e-45a0-a876-48f5799ec31f,1,,
"_23, _17, _14, _13",a6b27f51-e9e6-4aef-86a7-488782df47ef,4,,
_22,4c7cd253-f9ca-4fcf-bd61-ae1c0a7629da,1,,
_21,d81a2988-1e56-4080-8d43-df92d7589714,1,,
_19,d71ee7d5-4a6e-4ec9-88ea-615465a3970f,1,,
_18,2dff0afb-b145-4409-abd7-f60acfc81919,1,,
_16,6e1898b8-257d-49a1-82cf-03ba3357aad0,1,,
_15,c0db0b36-c9fe-4e1a-b5f9-3020dc1012bd,1,,
_12,620b9f18-00a3-42ae-acb7-6e98260b90f8,1,,
_11,212e70d4-9105-4884-982c-25618f7add02,1,,
_9,17219e6f-c5aa-4945-8284-e9ce2e59e50f,1,,
_7,c3fee8c1-a2e6-48fc-8f25-de405d0cde99,1,,
_6,,1,,
_5,7c2f54df-c89f-421a-bfa9-e2f6f4fb354d,1,,
_3,9dc20ad3-e78f-4b58-b602-7d2cdd397571,1,,
_2,6e741fab-4d04-40e5-9bc1-705a7f92f44c,1,,
C1,0603,1,1uF,
J1,FPC FC05-S20FCT,1,FPC Connector, C2998828
J10,Conn_1x2,1,Routable UART,
"J14, J15, J5",Conn_1x2,3,Power,
J17,QwiicSMD,1,Conn_01x04, C7433440
J18,QwiicSMD,1,Conn_01x04,
J2,Conn_1x8,1,Routable GPIO,
"J20_2, J20",PinHeader_1x04_P1.00mm_Vertical,2,Conn_01x04,
J3,daisychainRIGHT,1,DaisyChain_IN,
J6,Conn_1x2,1,Control_I2C,
J7,Conn_1x2,1,DACs,
J8,Conn_1x4,1,ADCs,
J9,Conn_1x10,1,Bus Pirate,
U1,SolderJumper_4of1_small,1,~,
U3,Qwiic_Selector,1,~,
U4,SOT-23-3,1,XC6206PxxxMR,
